"filename", "language", "YAML", "Markdown", "Dart", "XML", "Swift", "C++", "JSON", "Properties", "Groovy", "comment", "blank", "total"
"d:\Documents\__myWork\06_Igea\igea\IGEA-REPO\README.md", "Markdown", 0, 10, 0, 0, 0, 0, 0, 0, 0, 0, 7, 17
"d:\Documents\__myWork\06_Igea\igea\IGEA-REPO\android\app\build.gradle", "Groovy", 0, 0, 0, 0, 0, 0, 0, 0, 57, 3, 15, 75
"d:\Documents\__myWork\06_Igea\igea\IGEA-REPO\android\app\google-services.json", "JSON", 0, 0, 0, 0, 0, 0, 40, 0, 0, 0, 0, 40
"d:\Documents\__myWork\06_Igea\igea\IGEA-REPO\android\app\src\debug\AndroidManifest.xml", "XML", 0, 0, 0, 4, 0, 0, 0, 0, 0, 3, 1, 8
"d:\Documents\__myWork\06_Igea\igea\IGEA-REPO\android\app\src\main\AndroidManifest.xml", "XML", 0, 0, 0, 55, 0, 0, 0, 0, 0, 10, 1, 66
"d:\Documents\__myWork\06_Igea\igea\IGEA-REPO\android\app\src\main\res\drawable\launch_background.xml", "XML", 0, 0, 0, 9, 0, 0, 0, 0, 0, 8, 3, 20
"d:\Documents\__myWork\06_Igea\igea\IGEA-REPO\android\app\src\main\res\values\color.xml", "XML", 0, 0, 0, 4, 0, 0, 0, 0, 0, 0, 0, 4
"d:\Documents\__myWork\06_Igea\igea\IGEA-REPO\android\app\src\main\res\values\strings.xml", "XML", 0, 0, 0, 6, 0, 0, 0, 0, 0, 5, 2, 13
"d:\Documents\__myWork\06_Igea\igea\IGEA-REPO\android\app\src\main\res\values\styles.xml", "XML", 0, 0, 0, 9, 0, 0, 0, 0, 0, 3, 3, 15
"d:\Documents\__myWork\06_Igea\igea\IGEA-REPO\android\app\src\profile\AndroidManifest.xml", "XML", 0, 0, 0, 4, 0, 0, 0, 0, 0, 3, 1, 8
"d:\Documents\__myWork\06_Igea\igea\IGEA-REPO\android\build.gradle", "Groovy", 0, 0, 0, 0, 0, 0, 0, 0, 29, 0, 5, 34
"d:\Documents\__myWork\06_Igea\igea\IGEA-REPO\android\gradle.properties", "Properties", 0, 0, 0, 0, 0, 0, 0, 4, 0, 0, 1, 5
"d:\Documents\__myWork\06_Igea\igea\IGEA-REPO\android\gradle\wrapper\gradle-wrapper.properties", "Properties", 0, 0, 0, 0, 0, 0, 0, 5, 0, 1, 1, 7
"d:\Documents\__myWork\06_Igea\igea\IGEA-REPO\android\settings.gradle", "Groovy", 0, 0, 0, 0, 0, 0, 0, 0, 12, 0, 4, 16
"d:\Documents\__myWork\06_Igea\igea\IGEA-REPO\android\settings_aar.gradle", "Groovy", 0, 0, 0, 0, 0, 0, 0, 0, 1, 0, 1, 2
"d:\Documents\__myWork\06_Igea\igea\IGEA-REPO\assets\icons\numbers\1.svg", "XML", 0, 0, 0, 1, 0, 0, 0, 0, 0, 0, 0, 1
"d:\Documents\__myWork\06_Igea\igea\IGEA-REPO\assets\icons\numbers\2.svg", "XML", 0, 0, 0, 1, 0, 0, 0, 0, 0, 0, 0, 1
"d:\Documents\__myWork\06_Igea\igea\IGEA-REPO\assets\icons\numbers\3.svg", "XML", 0, 0, 0, 1, 0, 0, 0, 0, 0, 0, 0, 1
"d:\Documents\__myWork\06_Igea\igea\IGEA-REPO\assets\icons\numbers\4.svg", "XML", 0, 0, 0, 1, 0, 0, 0, 0, 0, 0, 0, 1
"d:\Documents\__myWork\06_Igea\igea\IGEA-REPO\assets\icons\numbers\5.svg", "XML", 0, 0, 0, 1, 0, 0, 0, 0, 0, 0, 0, 1
"d:\Documents\__myWork\06_Igea\igea\IGEA-REPO\assets\exernal\Amazon_logo.svg", "XML", 0, 0, 0, 91, 0, 0, 0, 0, 0, 0, 1, 92
"d:\Documents\__myWork\06_Igea\igea\IGEA-REPO\assets\icons\CheckedBox.svg", "XML", 0, 0, 0, 1, 0, 0, 0, 0, 0, 0, 0, 1
"d:\Documents\__myWork\06_Igea\igea\IGEA-REPO\assets\icons\Long_right.svg", "XML", 0, 0, 0, 1, 0, 0, 0, 0, 0, 0, 0, 1
"d:\Documents\__myWork\06_Igea\igea\IGEA-REPO\assets\avatars\Mamma.svg", "XML", 0, 0, 0, 1, 0, 0, 0, 0, 0, 0, 0, 1
"d:\Documents\__myWork\06_Igea\igea\IGEA-REPO\assets\avatars\Nonna.svg", "XML", 0, 0, 0, 1, 0, 0, 0, 0, 0, 0, 0, 1
"d:\Documents\__myWork\06_Igea\igea\IGEA-REPO\assets\avatars\Nonno.svg", "XML", 0, 0, 0, 1, 0, 0, 0, 0, 0, 0, 0, 1
"d:\Documents\__myWork\06_Igea\igea\IGEA-REPO\assets\avatars\Papa.svg", "XML", 0, 0, 0, 1, 0, 0, 0, 0, 0, 0, 0, 1
"d:\Documents\__myWork\06_Igea\igea\IGEA-REPO\assets\icons\add.svg", "XML", 0, 0, 0, 1, 0, 0, 0, 0, 0, 0, 0, 1
"d:\Documents\__myWork\06_Igea\igea\IGEA-REPO\assets\icons\add_esito.svg", "XML", 0, 0, 0, 1, 0, 0, 0, 0, 0, 0, 0, 1
"d:\Documents\__myWork\06_Igea\igea\IGEA-REPO\assets\icons\anagrafica.svg", "XML", 0, 0, 0, 1, 0, 0, 0, 0, 0, 0, 0, 1
"d:\Documents\__myWork\06_Igea\igea\IGEA-REPO\assets\icons\archive.svg", "XML", 0, 0, 0, 1, 0, 0, 0, 0, 0, 0, 0, 1
"d:\Documents\__myWork\06_Igea\igea\IGEA-REPO\assets\avatars\arold-extended.svg", "XML", 0, 0, 0, 1, 0, 0, 0, 0, 0, 0, 0, 1
"d:\Documents\__myWork\06_Igea\igea\IGEA-REPO\assets\avatars\arold_1.svg", "XML", 0, 0, 0, 1, 0, 0, 0, 0, 0, 0, 0, 1
"d:\Documents\__myWork\06_Igea\igea\IGEA-REPO\assets\avatars\arold_circle.svg", "XML", 0, 0, 0, 1, 0, 0, 0, 0, 0, 0, 0, 1
"d:\Documents\__myWork\06_Igea\igea\IGEA-REPO\assets\avatars\arold_extended.svg", "XML", 0, 0, 0, 1, 0, 0, 0, 0, 0, 0, 0, 1
"d:\Documents\__myWork\06_Igea\igea\IGEA-REPO\assets\avatars\arold_in_circle.svg", "XML", 0, 0, 0, 1, 0, 0, 0, 0, 0, 0, 0, 1
"d:\Documents\__myWork\06_Igea\igea\IGEA-REPO\assets\animations\arold_lateral.json", "JSON", 0, 0, 0, 0, 0, 0, 1, 0, 0, 0, 0, 1
"d:\Documents\__myWork\06_Igea\igea\IGEA-REPO\assets\avatars\arold_lateral.svg", "XML", 0, 0, 0, 1, 0, 0, 0, 0, 0, 0, 1, 2
"d:\Documents\__myWork\06_Igea\igea\IGEA-REPO\assets\animations\arold_lateral_animation.json", "JSON", 0, 0, 0, 0, 0, 0, 1, 0, 0, 0, 0, 1
"d:\Documents\__myWork\06_Igea\igea\IGEA-REPO\assets\icons\avanti.svg", "XML", 0, 0, 0, 1, 0, 0, 0, 0, 0, 0, 0, 1
"d:\Documents\__myWork\06_Igea\igea\IGEA-REPO\assets\icons\breast.svg", "XML", 0, 0, 0, 1, 0, 0, 0, 0, 0, 0, 0, 1
"d:\Documents\__myWork\06_Igea\igea\IGEA-REPO\assets\icons\button_down.svg", "XML", 0, 0, 0, 1, 0, 0, 0, 0, 0, 0, 0, 1
"d:\Documents\__myWork\06_Igea\igea\IGEA-REPO\assets\icons\button_down2.svg", "XML", 0, 0, 0, 1, 0, 0, 0, 0, 0, 0, 0, 1
"d:\Documents\__myWork\06_Igea\igea\IGEA-REPO\assets\icons\button_left.svg", "XML", 0, 0, 0, 1, 0, 0, 0, 0, 0, 0, 0, 1
"d:\Documents\__myWork\06_Igea\igea\IGEA-REPO\assets\icons\button_right.svg", "XML", 0, 0, 0, 1, 0, 0, 0, 0, 0, 0, 0, 1
"d:\Documents\__myWork\06_Igea\igea\IGEA-REPO\assets\icons\calendar.svg", "XML", 0, 0, 0, 1, 0, 0, 0, 0, 0, 0, 0, 1
"d:\Documents\__myWork\06_Igea\igea\IGEA-REPO\assets\catasto_comuni.json", "JSON", 0, 0, 0, 0, 0, 0, 7905, 0, 0, 0, 0, 7905
"d:\Documents\__myWork\06_Igea\igea\IGEA-REPO\assets\icons\check.svg", "XML", 0, 0, 0, 1, 0, 0, 0, 0, 0, 0, 0, 1
"d:\Documents\__myWork\06_Igea\igea\IGEA-REPO\assets\icons\check_in_circle.svg", "XML", 0, 0, 0, 1, 0, 0, 0, 0, 0, 0, 0, 1
"d:\Documents\__myWork\06_Igea\igea\IGEA-REPO\assets\icons\check_questionary.svg", "XML", 0, 0, 0, 1, 0, 0, 0, 0, 0, 0, 0, 1
"d:\Documents\__myWork\06_Igea\igea\IGEA-REPO\assets\icons\checked_circle.svg", "XML", 0, 0, 0, 1, 0, 0, 0, 0, 0, 0, 0, 1
"d:\Documents\__myWork\06_Igea\igea\IGEA-REPO\assets\icons\circle_left.svg", "XML", 0, 0, 0, 1, 0, 0, 0, 0, 0, 0, 0, 1
"d:\Documents\__myWork\06_Igea\igea\IGEA-REPO\assets\icons\circle_right.svg", "XML", 0, 0, 0, 1, 0, 0, 0, 0, 0, 0, 0, 1
"d:\Documents\__myWork\06_Igea\igea\IGEA-REPO\assets\icons\colon.svg", "XML", 0, 0, 0, 1, 0, 0, 0, 0, 0, 0, 0, 1
"d:\Documents\__myWork\06_Igea\igea\IGEA-REPO\assets\icons\corner.svg", "XML", 0, 0, 0, 1, 0, 0, 0, 0, 0, 0, 0, 1
"d:\Documents\__myWork\06_Igea\igea\IGEA-REPO\assets\icons\credits.svg", "XML", 0, 0, 0, 1, 0, 0, 0, 0, 0, 0, 0, 1
"d:\Documents\__myWork\06_Igea\igea\IGEA-REPO\assets\icons\cross.svg", "XML", 0, 0, 0, 1, 0, 0, 0, 0, 0, 0, 0, 1
"d:\Documents\__myWork\06_Igea\igea\IGEA-REPO\assets\icons\crossed_circle.svg", "XML", 0, 0, 0, 1, 0, 0, 0, 0, 0, 0, 0, 1
"d:\Documents\__myWork\06_Igea\igea\IGEA-REPO\assets\icons\crown.svg", "XML", 0, 0, 0, 1, 0, 0, 0, 0, 0, 0, 0, 1
"d:\Documents\__myWork\06_Igea\igea\IGEA-REPO\assets\icons\danger_sign.svg", "XML", 0, 0, 0, 1, 0, 0, 0, 0, 0, 0, 0, 1
"d:\Documents\__myWork\06_Igea\igea\IGEA-REPO\assets\icons\dots_column.svg", "XML", 0, 0, 0, 1, 0, 0, 0, 0, 0, 0, 0, 1
"d:\Documents\__myWork\06_Igea\igea\IGEA-REPO\assets\icons\exam.svg", "XML", 0, 0, 0, 1, 0, 0, 0, 0, 0, 0, 0, 1
"d:\Documents\__myWork\06_Igea\igea\IGEA-REPO\assets\icons\happy.svg", "XML", 0, 0, 0, 1, 0, 0, 0, 0, 0, 0, 0, 1
"d:\Documents\__myWork\06_Igea\igea\IGEA-REPO\assets\icons\heart.svg", "XML", 0, 0, 0, 1, 0, 0, 0, 0, 0, 0, 0, 1
"d:\Documents\__myWork\06_Igea\igea\IGEA-REPO\assets\animations\igea-app-project-dfee65c301f2.json", "JSON", 0, 0, 0, 0, 0, 0, 12, 0, 0, 0, 1, 13
"d:\Documents\__myWork\06_Igea\igea\IGEA-REPO\assets\icons\info.svg", "XML", 0, 0, 0, 1, 0, 0, 0, 0, 0, 0, 0, 1
"d:\Documents\__myWork\06_Igea\igea\IGEA-REPO\assets\icons\info_white.svg", "XML", 0, 0, 0, 1, 0, 0, 0, 0, 0, 0, 0, 1
"d:\Documents\__myWork\06_Igea\igea\IGEA-REPO\assets\lateal_icons\umbrella.svg", "XML", 0, 0, 0, 1, 0, 0, 0, 0, 0, 0, 0, 1
"d:\Documents\__myWork\06_Igea\igea\IGEA-REPO\assets\icons\latera_divulg.svg", "XML", 0, 0, 0, 1, 0, 0, 0, 0, 0, 0, 0, 1
"d:\Documents\__myWork\06_Igea\igea\IGEA-REPO\assets\icons\lateral_bar.svg", "XML", 0, 0, 0, 1, 0, 0, 0, 0, 0, 0, 0, 1
"d:\Documents\__myWork\06_Igea\igea\IGEA-REPO\assets\icons\lateral_icons\calendar.svg", "XML", 0, 0, 0, 1, 0, 0, 0, 0, 0, 0, 0, 1
"d:\Documents\__myWork\06_Igea\igea\IGEA-REPO\assets\icons\lateral_diary.svg", "XML", 0, 0, 0, 1, 0, 0, 0, 0, 0, 0, 0, 1
"d:\Documents\__myWork\06_Igea\igea\IGEA-REPO\assets\icons\lateral_situazione.svg", "XML", 0, 0, 0, 1, 0, 0, 0, 0, 0, 0, 0, 1
"d:\Documents\__myWork\06_Igea\igea\IGEA-REPO\assets\icons\legal.svg", "XML", 0, 0, 0, 1, 0, 0, 0, 0, 0, 0, 0, 1
"d:\Documents\__myWork\06_Igea\igea\IGEA-REPO\assets\icons\line.svg", "XML", 0, 0, 0, 1, 0, 0, 0, 0, 0, 0, 0, 1
"d:\Documents\__myWork\06_Igea\igea\IGEA-REPO\assets\icons\location.svg", "XML", 0, 0, 0, 1, 0, 0, 0, 0, 0, 0, 0, 1
"d:\Documents\__myWork\06_Igea\igea\IGEA-REPO\assets\logo.svg", "XML", 0, 0, 0, 1, 0, 0, 0, 0, 0, 0, 0, 1
"d:\Documents\__myWork\06_Igea\igea\IGEA-REPO\assets\icons\logout.svg", "XML", 0, 0, 0, 1, 0, 0, 0, 0, 0, 0, 0, 1
"d:\Documents\__myWork\06_Igea\igea\IGEA-REPO\assets\icons\menu.svg", "XML", 0, 0, 0, 1, 0, 0, 0, 0, 0, 0, 0, 1
"d:\Documents\__myWork\06_Igea\igea\IGEA-REPO\assets\icons\notes.svg", "XML", 0, 0, 0, 1, 0, 0, 0, 0, 0, 0, 0, 1
"d:\Documents\__myWork\06_Igea\igea\IGEA-REPO\assets\icons\ok_in_circle.svg", "XML", 0, 0, 0, 1, 0, 0, 0, 0, 0, 0, 0, 1
"d:\Documents\__myWork\06_Igea\igea\IGEA-REPO\assets\icons\play.svg", "XML", 0, 0, 0, 1, 0, 0, 0, 0, 0, 0, 0, 1
"d:\Documents\__myWork\06_Igea\igea\IGEA-REPO\assets\icons\play.svg", "XML", 0, 0, 0, 1, 0, 0, 0, 0, 0, 0, 0, 1
"d:\Documents\__myWork\06_Igea\igea\IGEA-REPO\assets\logo\prevengo.svg", "XML", 0, 0, 0, 1, 0, 0, 0, 0, 0, 0, 0, 1
"d:\Documents\__myWork\06_Igea\igea\IGEA-REPO\assets\logo\prevengo.svg", "XML", 0, 0, 0, 1, 0, 0, 0, 0, 0, 0, 0, 1
"d:\Documents\__myWork\06_Igea\igea\IGEA-REPO\assets\icons\qr-amazon-it.svg", "XML", 0, 0, 0, 327, 0, 0, 0, 0, 0, 0, 0, 327
"d:\Documents\__myWork\06_Igea\igea\IGEA-REPO\assets\icons\reset.svg", "XML", 0, 0, 0, 1, 0, 0, 0, 0, 0, 0, 0, 1
"d:\Documents\__myWork\06_Igea\igea\IGEA-REPO\assets\icons\sad.svg", "XML", 0, 0, 0, 1, 0, 0, 0, 0, 0, 0, 0, 1
"d:\Documents\__myWork\06_Igea\igea\IGEA-REPO\assets\icons\save.svg", "XML", 0, 0, 0, 1, 0, 0, 0, 0, 0, 0, 0, 1
"d:\Documents\__myWork\06_Igea\igea\IGEA-REPO\assets\icons\search.svg", "XML", 0, 0, 0, 1, 0, 0, 0, 0, 0, 0, 0, 1
"d:\Documents\__myWork\06_Igea\igea\IGEA-REPO\assets\icons\shadow0.svg", "XML", 0, 0, 0, 1, 0, 0, 0, 0, 0, 0, 0, 1
"d:\Documents\__myWork\06_Igea\igea\IGEA-REPO\assets\icons\shadow1.svg", "XML", 0, 0, 0, 1, 0, 0, 0, 0, 0, 0, 0, 1
"d:\Documents\__myWork\06_Igea\igea\IGEA-REPO\assets\icons\shadow2.svg", "XML", 0, 0, 0, 1, 0, 0, 0, 0, 0, 0, 0, 1
"d:\Documents\__myWork\06_Igea\igea\IGEA-REPO\assets\icons\shadow3.svg", "XML", 0, 0, 0, 1, 0, 0, 0, 0, 0, 0, 0, 1
"d:\Documents\__myWork\06_Igea\igea\IGEA-REPO\assets\icons\shadow4.svg", "XML", 0, 0, 0, 1, 0, 0, 0, 0, 0, 0, 0, 1
"d:\Documents\__myWork\06_Igea\igea\IGEA-REPO\assets\icons\time.svg", "XML", 0, 0, 0, 1, 0, 0, 0, 0, 0, 0, 0, 1
"d:\Documents\__myWork\06_Igea\igea\IGEA-REPO\assets\icons\time_circle.svg", "XML", 0, 0, 0, 1, 0, 0, 0, 0, 0, 0, 0, 1
"d:\Documents\__myWork\06_Igea\igea\IGEA-REPO\assets\animations\timer_rosso.json", "JSON", 0, 0, 0, 0, 0, 0, 1, 0, 0, 0, 0, 1
"d:\Documents\__myWork\06_Igea\igea\IGEA-REPO\assets\animations\timer_verde.json", "JSON", 0, 0, 0, 0, 0, 0, 1, 0, 0, 0, 0, 1
"d:\Documents\__myWork\06_Igea\igea\IGEA-REPO\assets\animations\timer_verde_2.json", "JSON", 0, 0, 0, 0, 0, 0, 7576, 0, 0, 0, 1, 7577
"d:\Documents\__myWork\06_Igea\igea\IGEA-REPO\assets\animations\timer_verde_3.json", "JSON", 0, 0, 0, 0, 0, 0, 7608, 0, 0, 0, 1, 7609
"d:\Documents\__myWork\06_Igea\igea\IGEA-REPO\assets\icons\toCheckBox.svg", "XML", 0, 0, 0, 1, 0, 0, 0, 0, 0, 0, 0, 1
"d:\Documents\__myWork\06_Igea\igea\IGEA-REPO\assets\icons\trash.svg", "XML", 0, 0, 0, 1, 0, 0, 0, 0, 0, 0, 3, 4
"d:\Documents\__myWork\06_Igea\igea\IGEA-REPO\assets\icons\umbrella.svg", "XML", 0, 0, 0, 1, 0, 0, 0, 0, 0, 0, 0, 1
"d:\Documents\__myWork\06_Igea\igea\IGEA-REPO\assets\icons\up.svg", "XML", 0, 0, 0, 1, 0, 0, 0, 0, 0, 0, 0, 1
"d:\Documents\__myWork\06_Igea\igea\IGEA-REPO\assets\icons\upload.svg", "XML", 0, 0, 0, 1, 0, 0, 0, 0, 0, 0, 0, 1
"d:\Documents\__myWork\06_Igea\igea\IGEA-REPO\assets\icons\utero.svg", "XML", 0, 0, 0, 1, 0, 0, 0, 0, 0, 0, 0, 1
"d:\Documents\__myWork\06_Igea\igea\IGEA-REPO\assets\icons\vasi.svg", "XML", 0, 0, 0, 1, 0, 0, 0, 0, 0, 0, 0, 1
"d:\Documents\__myWork\06_Igea\igea\IGEA-REPO\assets\icons\visibility_off.svg", "XML", 0, 0, 0, 40, 0, 0, 0, 0, 0, 1, 1, 42
"d:\Documents\__myWork\06_Igea\igea\IGEA-REPO\assets\icons\visibility_on.svg", "XML", 0, 0, 0, 34, 0, 0, 0, 0, 0, 1, 1, 36
"d:\Documents\__myWork\06_Igea\igea\IGEA-REPO\assets\icons\whoweare.svg", "XML", 0, 0, 0, 1, 0, 0, 0, 0, 0, 0, 0, 1
"d:\Documents\__myWork\06_Igea\igea\IGEA-REPO\ios\Flutter\AppFrameworkInfo.plist", "XML", 0, 0, 0, 26, 0, 0, 0, 0, 0, 0, 1, 27
"d:\Documents\__myWork\06_Igea\igea\IGEA-REPO\ios\Runner.xcodeproj\project.xcworkspace\xcshareddata\IDEWorkspaceChecks.plist", "XML", 0, 0, 0, 8, 0, 0, 0, 0, 0, 0, 1, 9
"d:\Documents\__myWork\06_Igea\igea\IGEA-REPO\ios\Runner.xcworkspace\xcshareddata\IDEWorkspaceChecks.plist", "XML", 0, 0, 0, 8, 0, 0, 0, 0, 0, 0, 1, 9
"d:\Documents\__myWork\06_Igea\igea\IGEA-REPO\ios\Runner\AppDelegate.swift", "Swift", 0, 0, 0, 0, 14, 0, 0, 0, 0, 0, 2, 16
"d:\Documents\__myWork\06_Igea\igea\IGEA-REPO\ios\Runner\Assets.xcassets\AppIcon.appiconset\Contents.json", "JSON", 0, 0, 0, 0, 0, 0, 122, 0, 0, 0, 1, 123
"d:\Documents\__myWork\06_Igea\igea\IGEA-REPO\ios\Runner\Assets.xcassets\LaunchImage.imageset\Contents.json", "JSON", 0, 0, 0, 0, 0, 0, 23, 0, 0, 0, 1, 24
"d:\Documents\__myWork\06_Igea\igea\IGEA-REPO\ios\Runner\Assets.xcassets\LaunchImage.imageset\README.md", "Markdown", 0, 3, 0, 0, 0, 0, 0, 0, 0, 0, 2, 5
"d:\Documents\__myWork\06_Igea\igea\IGEA-REPO\ios\Runner\Base.lproj\LaunchScreen.storyboard", "XML", 0, 0, 0, 40, 0, 0, 0, 0, 0, 1, 1, 42
"d:\Documents\__myWork\06_Igea\igea\IGEA-REPO\ios\Runner\Base.lproj\Main.storyboard", "XML", 0, 0, 0, 25, 0, 0, 0, 0, 0, 1, 1, 27
"d:\Documents\__myWork\06_Igea\igea\IGEA-REPO\ios\Runner\Info.plist", "XML", 0, 0, 0, 45, 0, 0, 0, 0, 0, 0, 1, 46
"d:\Documents\__myWork\06_Igea\igea\IGEA-REPO\ios\Runner\Runner-Bridging-Header.h", "C++", 0, 0, 0, 0, 0, 1, 0, 0, 0, 0, 0, 1
"d:\Documents\__myWork\06_Igea\igea\IGEA-REPO\lib\blocs\bloc_awards.dart", "Dart", 0, 0, 43, 0, 0, 0, 0, 0, 0, 0, 16, 59
"d:\Documents\__myWork\06_Igea\igea\IGEA-REPO\lib\blocs\bloc_calendar.dart", "Dart", 0, 0, 60, 0, 0, 0, 0, 0, 0, 2, 14, 76
"d:\Documents\__myWork\06_Igea\igea\IGEA-REPO\lib\blocs\bloc_camera.dart", "Dart", 0, 0, 46, 0, 0, 0, 0, 0, 0, 0, 10, 56
"d:\Documents\__myWork\06_Igea\igea\IGEA-REPO\lib\blocs\bloc_chatbot.dart", "Dart", 0, 0, 35, 0, 0, 0, 0, 0, 0, 0, 10, 45
"d:\Documents\__myWork\06_Igea\igea\IGEA-REPO\lib\blocs\bloc_gamification.dart", "Dart", 0, 0, 67, 0, 0, 0, 0, 0, 0, 2, 14, 83
"d:\Documents\__myWork\06_Igea\igea\IGEA-REPO\lib\blocs\bloc_home.dart", "Dart", 0, 0, 66, 0, 0, 0, 0, 0, 0, 3, 14, 83
"d:\Documents\__myWork\06_Igea\igea\IGEA-REPO\lib\blocs\bloc_loading.dart", "Dart", 0, 0, 35, 0, 0, 0, 0, 0, 0, 0, 9, 44
"d:\Documents\__myWork\06_Igea\igea\IGEA-REPO\lib\blocs\bloc_new_exam.dart", "Dart", 0, 0, 98, 0, 0, 0, 0, 0, 0, 6, 17, 121
"d:\Documents\__myWork\06_Igea\igea\IGEA-REPO\lib\blocs\bloc_onboarding.dart", "Dart", 0, 0, 246, 0, 0, 0, 0, 0, 0, 124, 64, 434
"d:\Documents\__myWork\06_Igea\igea\IGEA-REPO\lib\blocs\bloc_provider.dart", "Dart", 0, 0, 30, 0, 0, 0, 0, 0, 0, 2, 8, 40
"d:\Documents\__myWork\06_Igea\igea\IGEA-REPO\lib\blocs\bloc_questionary.dart", "Dart", 0, 0, 40, 0, 0, 0, 0, 0, 0, 6, 22, 68
"d:\Documents\__myWork\06_Igea\igea\IGEA-REPO\lib\blocs\bloc_quiz.dart", "Dart", 0, 0, 54, 0, 0, 0, 0, 0, 0, 2, 13, 69
"d:\Documents\__myWork\06_Igea\igea\IGEA-REPO\lib\blocs\bloc_registry.dart", "Dart", 0, 0, 55, 0, 0, 0, 0, 0, 0, 10, 17, 82
"d:\Documents\__myWork\06_Igea\igea\IGEA-REPO\lib\blocs\bloc_user.dart", "Dart", 0, 0, 86, 0, 0, 0, 0, 0, 0, 0, 10, 96
"d:\Documents\__myWork\06_Igea\igea\IGEA-REPO\lib\blocs\bloc_wrapper.dart", "Dart", 0, 0, 37, 0, 0, 0, 0, 0, 0, 1, 10, 48
"d:\Documents\__myWork\06_Igea\igea\IGEA-REPO\lib\blocs\diary\bloc_diary_archive.dart", "Dart", 0, 0, 149, 0, 0, 0, 0, 0, 0, 2, 22, 173
"d:\Documents\__myWork\06_Igea\igea\IGEA-REPO\lib\blocs\diary\bloc_new_outcome.dart", "Dart", 0, 0, 302, 0, 0, 0, 0, 0, 0, 14, 31, 347
"d:\Documents\__myWork\06_Igea\igea\IGEA-REPO\lib\blocs\diary\diary_bloc.dart", "Dart", 0, 0, 107, 0, 0, 0, 0, 0, 0, 2, 22, 131
"d:\Documents\__myWork\06_Igea\igea\IGEA-REPO\lib\blocs\situation_bloc.dart", "Dart", 0, 0, 75, 0, 0, 0, 0, 0, 0, 0, 13, 88
"d:\Documents\__myWork\06_Igea\igea\IGEA-REPO\lib\constant.dart", "Dart", 0, 0, 14, 0, 0, 0, 0, 0, 0, 0, 4, 18
"d:\Documents\__myWork\06_Igea\igea\IGEA-REPO\lib\main.dart", "Dart", 0, 0, 35, 0, 0, 0, 0, 0, 0, 35, 8, 78
"d:\Documents\__myWork\06_Igea\igea\IGEA-REPO\lib\models\breast.dart", "Dart", 0, 0, 23, 0, 0, 0, 0, 0, 0, 2, 8, 33
"d:\Documents\__myWork\06_Igea\igea\IGEA-REPO\lib\models\camera_file_manager.dart", "Dart", 0, 0, 15, 0, 0, 0, 0, 0, 0, 0, 10, 25
"d:\Documents\__myWork\06_Igea\igea\IGEA-REPO\lib\models\colon.dart", "Dart", 0, 0, 36, 0, 0, 0, 0, 0, 0, 2, 8, 46
"d:\Documents\__myWork\06_Igea\igea\IGEA-REPO\lib\models\constants\constants.dart", "Dart", 0, 0, 492, 0, 0, 0, 0, 0, 0, 34, 44, 570
"d:\Documents\__myWork\06_Igea\igea\IGEA-REPO\lib\models\constants\constants_chatbot_messages.dart", "Dart", 0, 0, 43, 0, 0, 0, 0, 0, 0, 0, 9, 52
"d:\Documents\__myWork\06_Igea\igea\IGEA-REPO\lib\models\constants\constants_graphics.dart", "Dart", 0, 0, 13, 0, 0, 0, 0, 0, 0, 5, 10, 28
"d:\Documents\__myWork\06_Igea\igea\IGEA-REPO\lib\models\constants\gamification_constants.dart", "Dart", 0, 0, 4, 0, 0, 0, 0, 0, 0, 0, 3, 7
"d:\Documents\__myWork\06_Igea\igea\IGEA-REPO\lib\models\enums\ethnicity.dart", "Dart", 0, 0, 3, 0, 0, 0, 0, 0, 0, 0, 0, 3
"d:\Documents\__myWork\06_Igea\igea\IGEA-REPO\lib\models\enums\gender.dart", "Dart", 0, 0, 3, 0, 0, 0, 0, 0, 0, 0, 0, 3
"d:\Documents\__myWork\06_Igea\igea\IGEA-REPO\lib\models\enums\organ_type.dart", "Dart", 0, 0, 3, 0, 0, 0, 0, 0, 0, 0, 0, 3
"d:\Documents\__myWork\06_Igea\igea\IGEA-REPO\lib\models\enums\parent_type.dart", "Dart", 0, 0, 10, 0, 0, 0, 0, 0, 0, 0, 0, 10
"d:\Documents\__myWork\06_Igea\igea\IGEA-REPO\lib\models\enums\screening_outcome_value.dart", "Dart", 0, 0, 3, 0, 0, 0, 0, 0, 0, 0, 0, 3
"d:\Documents\__myWork\06_Igea\igea\IGEA-REPO\lib\models\enums\status_type.dart", "Dart", 0, 0, 13, 0, 0, 0, 0, 0, 0, 0, 1, 14
"d:\Documents\__myWork\06_Igea\igea\IGEA-REPO\lib\models\enums\test_type.dart", "Dart", 0, 0, 12, 0, 0, 0, 0, 0, 0, 0, 1, 13
"d:\Documents\__myWork\06_Igea\igea\IGEA-REPO\lib\models\enums\tumor_type.dart", "Dart", 0, 0, 6, 0, 0, 0, 0, 0, 0, 0, 0, 6
"d:\Documents\__myWork\06_Igea\igea\IGEA-REPO\lib\models\familiarity_tumor.dart", "Dart", 0, 0, 22, 0, 0, 0, 0, 0, 0, 0, 12, 34
"d:\Documents\__myWork\06_Igea\igea\IGEA-REPO\lib\models\gamification\answer.dart", "Dart", 0, 0, 14, 0, 0, 0, 0, 0, 0, 2, 8, 24
"d:\Documents\__myWork\06_Igea\igea\IGEA-REPO\lib\models\gamification\coupon.dart", "Dart", 0, 0, 26, 0, 0, 0, 0, 0, 0, 2, 12, 40
"d:\Documents\__myWork\06_Igea\igea\IGEA-REPO\lib\models\gamification\gamification_data.dart", "Dart", 0, 0, 16, 0, 0, 0, 0, 0, 0, 3, 10, 29
"d:\Documents\__myWork\06_Igea\igea\IGEA-REPO\lib\models\gamification\question.dart", "Dart", 0, 0, 25, 0, 0, 0, 0, 0, 0, 2, 8, 35
"d:\Documents\__myWork\06_Igea\igea\IGEA-REPO\lib\models\gamification\wallet.dart", "Dart", 0, 0, 18, 0, 0, 0, 0, 0, 0, 2, 6, 26
"d:\Documents\__myWork\06_Igea\igea\IGEA-REPO\lib\models\gamification\weekly_quiz.dart", "Dart", 0, 0, 25, 0, 0, 0, 0, 0, 0, 2, 7, 34
"d:\Documents\__myWork\06_Igea\igea\IGEA-REPO\lib\models\heart.dart", "Dart", 0, 0, 106, 0, 0, 0, 0, 0, 0, 2, 16, 124
"d:\Documents\__myWork\06_Igea\igea\IGEA-REPO\lib\models\mapping\answer.g.dart", "Dart", 0, 0, 10, 0, 0, 0, 0, 0, 0, 4, 5, 19
"d:\Documents\__myWork\06_Igea\igea\IGEA-REPO\lib\models\mapping\breast.g.dart", "Dart", 0, 0, 42, 0, 0, 0, 0, 0, 0, 4, 5, 51
"d:\Documents\__myWork\06_Igea\igea\IGEA-REPO\lib\models\mapping\colon.g.dart", "Dart", 0, 0, 34, 0, 0, 0, 0, 0, 0, 4, 5, 43
"d:\Documents\__myWork\06_Igea\igea\IGEA-REPO\lib\models\mapping\coupon.g.dart", "Dart", 0, 0, 18, 0, 0, 0, 0, 0, 0, 4, 5, 27
"d:\Documents\__myWork\06_Igea\igea\IGEA-REPO\lib\models\mapping\familiarity_tumor.g.dart", "Dart", 0, 0, 64, 0, 0, 0, 0, 0, 0, 0, 7, 71
"d:\Documents\__myWork\06_Igea\igea\IGEA-REPO\lib\models\mapping\gamification_data.g.dart", "Dart", 0, 0, 11, 0, 0, 0, 0, 0, 0, 4, 5, 20
"d:\Documents\__myWork\06_Igea\igea\IGEA-REPO\lib\models\mapping\heart.g.dart", "Dart", 0, 0, 77, 0, 0, 0, 0, 0, 0, 4, 5, 86
"d:\Documents\__myWork\06_Igea\igea\IGEA-REPO\lib\models\mapping\outcome_blood_test.g.dart", "Dart", 0, 0, 0, 0, 0, 0, 0, 0, 0, 24, 5, 29
"d:\Documents\__myWork\06_Igea\igea\IGEA-REPO\lib\models\mapping\outcome_screening.g.dart", "Dart", 0, 0, 10, 0, 0, 0, 0, 0, 0, 4, 5, 19
"d:\Documents\__myWork\06_Igea\igea\IGEA-REPO\lib\models\mapping\question.g.dart", "Dart", 0, 0, 17, 0, 0, 0, 0, 0, 0, 4, 5, 26
"d:\Documents\__myWork\06_Igea\igea\IGEA-REPO\lib\models\mapping\registry.g.dart", "Dart", 0, 0, 54, 0, 0, 0, 0, 0, 0, 4, 10, 68
"d:\Documents\__myWork\06_Igea\igea\IGEA-REPO\lib\models\mapping\reservable_test.g.dart", "Dart", 0, 0, 52, 0, 0, 0, 0, 0, 0, 4, 10, 66
"d:\Documents\__myWork\06_Igea\igea\IGEA-REPO\lib\models\mapping\reservation.g.dart", "Dart", 0, 0, 23, 0, 0, 0, 0, 0, 0, 4, 5, 32
"d:\Documents\__myWork\06_Igea\igea\IGEA-REPO\lib\models\mapping\status.g.dart", "Dart", 0, 0, 50, 0, 0, 0, 0, 0, 0, 4, 12, 66
"d:\Documents\__myWork\06_Igea\igea\IGEA-REPO\lib\models\mapping\test.g.dart", "Dart", 0, 0, 77, 0, 0, 0, 0, 0, 0, 4, 10, 91
"d:\Documents\__myWork\06_Igea\igea\IGEA-REPO\lib\models\mapping\test_blood.g.dart", "Dart", 0, 0, 0, 0, 0, 0, 0, 0, 0, 64, 11, 75
"d:\Documents\__myWork\06_Igea\igea\IGEA-REPO\lib\models\mapping\test_screening.g.dart", "Dart", 0, 0, 0, 0, 0, 0, 0, 0, 0, 66, 9, 75
"d:\Documents\__myWork\06_Igea\igea\IGEA-REPO\lib\models\mapping\user.g.dart", "Dart", 0, 0, 16, 0, 0, 0, 0, 0, 0, 4, 5, 25
"d:\Documents\__myWork\06_Igea\igea\IGEA-REPO\lib\models\mapping\uterus.g.dart", "Dart", 0, 0, 34, 0, 0, 0, 0, 0, 0, 4, 5, 43
"d:\Documents\__myWork\06_Igea\igea\IGEA-REPO\lib\models\mapping\wallet.g.dart", "Dart", 0, 0, 7, 0, 0, 0, 0, 0, 0, 4, 5, 16
"d:\Documents\__myWork\06_Igea\igea\IGEA-REPO\lib\models\mapping\weekly_quiz.g.dart", "Dart", 0, 0, 20, 0, 0, 0, 0, 0, 0, 4, 5, 29
"d:\Documents\__myWork\06_Igea\igea\IGEA-REPO\lib\models\organ.dart", "Dart", 0, 0, 43, 0, 0, 0, 0, 0, 0, 2, 7, 52
"d:\Documents\__myWork\06_Igea\igea\IGEA-REPO\lib\models\outcome.dart", "Dart", 0, 0, 6, 0, 0, 0, 0, 0, 0, 0, 0, 6
"d:\Documents\__myWork\06_Igea\igea\IGEA-REPO\lib\models\outcome_blood_test.dart", "Dart", 0, 0, 0, 0, 0, 0, 0, 0, 0, 37, 7, 44
"d:\Documents\__myWork\06_Igea\igea\IGEA-REPO\lib\models\outcome_factory.dart", "Dart", 0, 0, 4, 0, 0, 0, 0, 0, 0, 0, 1, 5
"d:\Documents\__myWork\06_Igea\igea\IGEA-REPO\lib\models\outcome_screening.dart", "Dart", 0, 0, 13, 0, 0, 0, 0, 0, 0, 0, 5, 18
"d:\Documents\__myWork\06_Igea\igea\IGEA-REPO\lib\models\registry.dart", "Dart", 0, 0, 41, 0, 0, 0, 0, 0, 0, 0, 7, 48
"d:\Documents\__myWork\06_Igea\igea\IGEA-REPO\lib\models\reservable_test.dart", "Dart", 0, 0, 36, 0, 0, 0, 0, 0, 0, 1, 7, 44
"d:\Documents\__myWork\06_Igea\igea\IGEA-REPO\lib\models\reservation.dart", "Dart", 0, 0, 27, 0, 0, 0, 0, 0, 0, 2, 9, 38
"d:\Documents\__myWork\06_Igea\igea\IGEA-REPO\lib\models\status.dart", "Dart", 0, 0, 24, 0, 0, 0, 0, 0, 0, 8, 7, 39
"d:\Documents\__myWork\06_Igea\igea\IGEA-REPO\lib\models\test.dart", "Dart", 0, 0, 69, 0, 0, 0, 0, 0, 0, 7, 9, 85
"d:\Documents\__myWork\06_Igea\igea\IGEA-REPO\lib\models\test_blood.dart", "Dart", 0, 0, 0, 0, 0, 0, 0, 0, 0, 21, 7, 28
"d:\Documents\__myWork\06_Igea\igea\IGEA-REPO\lib\models\test_screening.dart", "Dart", 0, 0, 0, 0, 0, 0, 0, 0, 0, 24, 8, 32
"d:\Documents\__myWork\06_Igea\igea\IGEA-REPO\lib\models\user.dart", "Dart", 0, 0, 26, 0, 0, 0, 0, 0, 0, 2, 9, 37
"d:\Documents\__myWork\06_Igea\igea\IGEA-REPO\lib\models\uterus.dart", "Dart", 0, 0, 39, 0, 0, 0, 0, 0, 0, 2, 7, 48
"d:\Documents\__myWork\06_Igea\igea\IGEA-REPO\lib\resources\gaming_repository.dart", "Dart", 0, 0, 75, 0, 0, 0, 0, 0, 0, 5, 15, 95
"d:\Documents\__myWork\06_Igea\igea\IGEA-REPO\lib\resources\prevention_repository.dart", "Dart", 0, 0, 116, 0, 0, 0, 0, 0, 0, 46, 33, 195
"d:\Documents\__myWork\06_Igea\igea\IGEA-REPO\lib\screens\authenticate\authenticate.dart", "Dart", 0, 0, 24, 0, 0, 0, 0, 0, 0, 0, 5, 29
"d:\Documents\__myWork\06_Igea\igea\IGEA-REPO\lib\screens\authenticate\register.dart", "Dart", 0, 0, 313, 0, 0, 0, 0, 0, 0, 3, 15, 331
"d:\Documents\__myWork\06_Igea\igea\IGEA-REPO\lib\screens\authenticate\reset.dart", "Dart", 0, 0, 170, 0, 0, 0, 0, 0, 0, 2, 10, 182
"d:\Documents\__myWork\06_Igea\igea\IGEA-REPO\lib\screens\authenticate\sign_in.dart", "Dart", 0, 0, 368, 0, 0, 0, 0, 0, 0, 33, 22, 423
"d:\Documents\__myWork\06_Igea\igea\IGEA-REPO\lib\screens\calendar\calendar_add_exam_screen.dart", "Dart", 0, 0, 96, 0, 0, 0, 0, 0, 0, 173, 10, 279
"d:\Documents\__myWork\06_Igea\igea\IGEA-REPO\lib\screens\calendar\calendar_content.dart", "Dart", 0, 0, 205, 0, 0, 0, 0, 0, 0, 7, 12, 224
"d:\Documents\__myWork\06_Igea\igea\IGEA-REPO\lib\screens\calendar\calendar_screen.dart", "Dart", 0, 0, 41, 0, 0, 0, 0, 0, 0, 0, 5, 46
"d:\Documents\__myWork\06_Igea\igea\IGEA-REPO\lib\screens\calendar\calendar_tab.dart", "Dart", 0, 0, 267, 0, 0, 0, 0, 0, 0, 1, 15, 283
"d:\Documents\__myWork\06_Igea\igea\IGEA-REPO\lib\screens\calendar\event_list_tab.dart", "Dart", 0, 0, 83, 0, 0, 0, 0, 0, 0, 1, 12, 96
"d:\Documents\__myWork\06_Igea\igea\IGEA-REPO\lib\screens\calendar\input_reservation_form.dart", "Dart", 0, 0, 358, 0, 0, 0, 0, 0, 0, 4, 11, 373
"d:\Documents\__myWork\06_Igea\igea\IGEA-REPO\lib\screens\calendar\modalBottomSheets\modify_reservation.dart", "Dart", 0, 0, 324, 0, 0, 0, 0, 0, 0, 5, 12, 341
"d:\Documents\__myWork\06_Igea\igea\IGEA-REPO\lib\screens\calendar\modalBottomSheets\reservable_test_selection.dart", "Dart", 0, 0, 125, 0, 0, 0, 0, 0, 0, 1, 7, 133
"d:\Documents\__myWork\06_Igea\igea\IGEA-REPO\lib\screens\camera\camera_screen.dart", "Dart", 0, 0, 181, 0, 0, 0, 0, 0, 0, 28, 17, 226
"d:\Documents\__myWork\06_Igea\igea\IGEA-REPO\lib\screens\diary\archive_filter.dart", "Dart", 0, 0, 289, 0, 0, 0, 0, 0, 0, 0, 7, 296
"d:\Documents\__myWork\06_Igea\igea\IGEA-REPO\lib\screens\diary\diary_add_outcome_screen.dart", "Dart", 0, 0, 192, 0, 0, 0, 0, 0, 0, 3, 10, 205
"d:\Documents\__myWork\06_Igea\igea\IGEA-REPO\lib\screens\diary\diary_archive_screen.dart", "Dart", 0, 0, 96, 0, 0, 0, 0, 0, 0, 0, 8, 104
"d:\Documents\__myWork\06_Igea\igea\IGEA-REPO\lib\screens\diary\diary_screen.dart", "Dart", 0, 0, 202, 0, 0, 0, 0, 0, 0, 2, 11, 215
"d:\Documents\__myWork\06_Igea\igea\IGEA-REPO\lib\screens\diary\generic_outcome_input_form.dart", "Dart", 0, 0, 154, 0, 0, 0, 0, 0, 0, 6, 5, 165
"d:\Documents\__myWork\06_Igea\igea\IGEA-REPO\lib\screens\diary\modal_bottom_sheets\modify_outcome.dart", "Dart", 0, 0, 167, 0, 0, 0, 0, 0, 0, 0, 6, 173
"d:\Documents\__myWork\06_Igea\igea\IGEA-REPO\lib\screens\diary\modal_bottom_sheets\prevengo_modal_css.dart", "Dart", 0, 0, 109, 0, 0, 0, 0, 0, 0, 4, 4, 117
"d:\Documents\__myWork\06_Igea\igea\IGEA-REPO\lib\screens\diary\modal_bottom_sheets\prevengo_modal_insert_date.dart", "Dart", 0, 0, 396, 0, 0, 0, 0, 0, 0, 6, 10, 412
"d:\Documents\__myWork\06_Igea\igea\IGEA-REPO\lib\screens\diary\modal_bottom_sheets\prevengo_modal_new_test_selection.dart", "Dart", 0, 0, 130, 0, 0, 0, 0, 0, 0, 1, 9, 140
"d:\Documents\__myWork\06_Igea\igea\IGEA-REPO\lib\screens\diary\modal_bottom_sheets\prevengo_modal_screeening_outcome_input.dart", "Dart", 0, 0, 170, 0, 0, 0, 0, 0, 0, 0, 6, 176
"d:\Documents\__myWork\06_Igea\igea\IGEA-REPO\lib\screens\diary\outcome_widget.dart", "Dart", 0, 0, 16, 0, 0, 0, 0, 0, 0, 0, 4, 20
"d:\Documents\__myWork\06_Igea\igea\IGEA-REPO\lib\screens\diary\outcome_widgets_factory.dart", "Dart", 0, 0, 55, 0, 0, 0, 0, 0, 0, 5, 6, 66
"d:\Documents\__myWork\06_Igea\igea\IGEA-REPO\lib\screens\diary\screening_outcome_input_form.dart", "Dart", 0, 0, 398, 0, 0, 0, 0, 0, 0, 0, 10, 408
"d:\Documents\__myWork\06_Igea\igea\IGEA-REPO\lib\screens\diary\ui_components\prevengo_dropdown.dart", "Dart", 0, 0, 50, 0, 0, 0, 0, 0, 0, 0, 2, 52
"d:\Documents\__myWork\06_Igea\igea\IGEA-REPO\lib\screens\gamification\buy_coupon_screen.dart", "Dart", 0, 0, 185, 0, 0, 0, 0, 0, 0, 0, 5, 190
"d:\Documents\__myWork\06_Igea\igea\IGEA-REPO\lib\screens\gamification\credits_awards_screen.dart", "Dart", 0, 0, 199, 0, 0, 0, 0, 0, 0, 20, 7, 226
"d:\Documents\__myWork\06_Igea\igea\IGEA-REPO\lib\screens\gamification\gamification_screen.dart", "Dart", 0, 0, 279, 0, 0, 0, 0, 0, 0, 22, 8, 309
"d:\Documents\__myWork\06_Igea\igea\IGEA-REPO\lib\screens\gamification\use_coupon_screen.dart", "Dart", 0, 0, 109, 0, 0, 0, 0, 0, 0, 0, 5, 114
"d:\Documents\__myWork\06_Igea\igea\IGEA-REPO\lib\screens\home\home.dart", "Dart", 0, 0, 301, 0, 0, 0, 0, 0, 0, 36, 8, 345
"d:\Documents\__myWork\06_Igea\igea\IGEA-REPO\lib\screens\quiz\flippable_question_card.dart", "Dart", 0, 0, 281, 0, 0, 0, 0, 0, 0, 70, 13, 364
"d:\Documents\__myWork\06_Igea\igea\IGEA-REPO\lib\screens\quiz\leaderboard_screen.dart", "Dart", 0, 0, 348, 0, 0, 0, 0, 0, 0, 19, 23, 390
"d:\Documents\__myWork\06_Igea\igea\IGEA-REPO\lib\screens\quiz\quiz_complete_screen.dart", "Dart", 0, 0, 62, 0, 0, 0, 0, 0, 0, 0, 3, 65
"d:\Documents\__myWork\06_Igea\igea\IGEA-REPO\lib\screens\quiz\quiz_game_screen.dart", "Dart", 0, 0, 212, 0, 0, 0, 0, 0, 0, 14, 16, 242
"d:\Documents\__myWork\06_Igea\igea\IGEA-REPO\lib\screens\quiz\quiz_main_screen.dart", "Dart", 0, 0, 285, 0, 0, 0, 0, 0, 0, 51, 7, 343
"d:\Documents\__myWork\06_Igea\igea\IGEA-REPO\lib\screens\quiz\quiz_page_view_screen.dart", "Dart", 0, 0, 256, 0, 0, 0, 0, 0, 0, 51, 5, 312
"d:\Documents\__myWork\06_Igea\igea\IGEA-REPO\lib\screens\registry\custom_expansion_card_breast.dart", "Dart", 0, 0, 280, 0, 0, 0, 0, 0, 0, 2, 16, 298
"d:\Documents\__myWork\06_Igea\igea\IGEA-REPO\lib\screens\registry\custom_expansion_card_colon.dart", "Dart", 0, 0, 168, 0, 0, 0, 0, 0, 0, 3, 9, 180
"d:\Documents\__myWork\06_Igea\igea\IGEA-REPO\lib\screens\registry\custom_expansion_card_uterus.dart", "Dart", 0, 0, 168, 0, 0, 0, 0, 0, 0, 3, 9, 180
"d:\Documents\__myWork\06_Igea\igea\IGEA-REPO\lib\screens\registry\registry_screen.dart", "Dart", 0, 0, 84, 0, 0, 0, 0, 0, 0, 0, 4, 88
"d:\Documents\__myWork\06_Igea\igea\IGEA-REPO\lib\screens\registry\registry_text_form_field.dart", "Dart", 0, 0, 63, 0, 0, 0, 0, 0, 0, 5, 11, 79
"d:\Documents\__myWork\06_Igea\igea\IGEA-REPO\lib\screens\situation\breast_questionary.dart", "Dart", 0, 0, 337, 0, 0, 0, 0, 0, 0, 1, 26, 364
"d:\Documents\__myWork\06_Igea\igea\IGEA-REPO\lib\screens\situation\cardio_system_detail_screen.dart", "Dart", 0, 0, 556, 0, 0, 0, 0, 0, 0, 110, 13, 679
"d:\Documents\__myWork\06_Igea\igea\IGEA-REPO\lib\screens\situation\colon_questionary.dart", "Dart", 0, 0, 364, 0, 0, 0, 0, 0, 0, 5, 27, 396
"d:\Documents\__myWork\06_Igea\igea\IGEA-REPO\lib\screens\situation\modalBottomSheets\missing_last_exam_date.dart", "Dart", 0, 0, 217, 0, 0, 0, 0, 0, 0, 0, 6, 223
"d:\Documents\__myWork\06_Igea\igea\IGEA-REPO\lib\screens\situation\organ_detail_screen.dart", "Dart", 0, 0, 902, 0, 0, 0, 0, 0, 0, 24, 22, 948
"d:\Documents\__myWork\06_Igea\igea\IGEA-REPO\lib\screens\situation\situation_card.dart", "Dart", 0, 0, 31, 0, 0, 0, 0, 0, 0, 52, 8, 91
"d:\Documents\__myWork\06_Igea\igea\IGEA-REPO\lib\screens\situation\situation_screen.dart", "Dart", 0, 0, 48, 0, 0, 0, 0, 0, 0, 0, 4, 52
"d:\Documents\__myWork\06_Igea\igea\IGEA-REPO\lib\screens\situation\uterus_questionary.dart", "Dart", 0, 0, 355, 0, 0, 0, 0, 0, 0, 4, 25, 384
"d:\Documents\__myWork\06_Igea\igea\IGEA-REPO\lib\screens\welcome\breast\breast_last_exam_input_page.dart", "Dart", 0, 0, 214, 0, 0, 0, 0, 0, 0, 5, 6, 225
"d:\Documents\__myWork\06_Igea\igea\IGEA-REPO\lib\screens\welcome\breast\breast_output_info_page.dart", "Dart", 0, 0, 214, 0, 0, 0, 0, 0, 0, 2, 9, 225
"d:\Documents\__myWork\06_Igea\igea\IGEA-REPO\lib\screens\welcome\breast\breast_page_view.dart", "Dart", 0, 0, 310, 0, 0, 0, 0, 0, 0, 0, 23, 333
"d:\Documents\__myWork\06_Igea\igea\IGEA-REPO\lib\screens\welcome\breast\check_familiarity_page.dart", "Dart", 0, 0, 206, 0, 0, 0, 0, 0, 0, 77, 12, 295
"d:\Documents\__myWork\06_Igea\igea\IGEA-REPO\lib\screens\welcome\breast\checkbox_family_component.dart", "Dart", 0, 0, 73, 0, 0, 0, 0, 0, 0, 0, 5, 78
"d:\Documents\__myWork\06_Igea\igea\IGEA-REPO\lib\screens\welcome\breast\familiarity_form.dart", "Dart", 0, 0, 388, 0, 0, 0, 0, 0, 0, 1, 17, 406
"d:\Documents\__myWork\06_Igea\igea\IGEA-REPO\lib\screens\welcome\breast\familiarity_output_page.dart", "Dart", 0, 0, 94, 0, 0, 0, 0, 0, 0, 1, 3, 98
"d:\Documents\__myWork\06_Igea\igea\IGEA-REPO\lib\screens\welcome\colon\check_familiarity_page.dart", "Dart", 0, 0, 184, 0, 0, 0, 0, 0, 0, 13, 10, 207
"d:\Documents\__myWork\06_Igea\igea\IGEA-REPO\lib\screens\welcome\colon\check_syndrome_page.dart", "Dart", 0, 0, 386, 0, 0, 0, 0, 0, 0, 21, 8, 415
"d:\Documents\__myWork\06_Igea\igea\IGEA-REPO\lib\screens\welcome\colon\checkbox_family_component.dart", "Dart", 0, 0, 73, 0, 0, 0, 0, 0, 0, 0, 5, 78
"d:\Documents\__myWork\06_Igea\igea\IGEA-REPO\lib\screens\welcome\colon\colon_page_view.dart", "Dart", 0, 0, 353, 0, 0, 0, 0, 0, 0, 4, 26, 383
"d:\Documents\__myWork\06_Igea\igea\IGEA-REPO\lib\screens\welcome\colon\familiarity_form.dart", "Dart", 0, 0, 233, 0, 0, 0, 0, 0, 0, 65, 15, 313
"d:\Documents\__myWork\06_Igea\igea\IGEA-REPO\lib\screens\welcome\colon\familiarity_output_page.dart", "Dart", 0, 0, 94, 0, 0, 0, 0, 0, 0, 1, 3, 98
"d:\Documents\__myWork\06_Igea\igea\IGEA-REPO\lib\screens\welcome\colon\last_exam_input_page.dart", "Dart", 0, 0, 213, 0, 0, 0, 0, 0, 0, 5, 6, 224
"d:\Documents\__myWork\06_Igea\igea\IGEA-REPO\lib\screens\welcome\colon\ministerial_guidelines_page.dart", "Dart", 0, 0, 198, 0, 0, 0, 0, 0, 0, 0, 5, 203
"d:\Documents\__myWork\06_Igea\igea\IGEA-REPO\lib\screens\welcome\colon\no_in_age_of_screening_page.dart", "Dart", 0, 0, 75, 0, 0, 0, 0, 0, 0, 0, 5, 80
"d:\Documents\__myWork\06_Igea\igea\IGEA-REPO\lib\screens\welcome\heart\cardio_system_page_view.dart", "Dart", 0, 0, 828, 0, 0, 0, 0, 0, 0, 87, 24, 939
"d:\Documents\__myWork\06_Igea\igea\IGEA-REPO\lib\screens\welcome\limbo_screen.dart", "Dart", 0, 0, 82, 0, 0, 0, 0, 0, 0, 2, 5, 89
"d:\Documents\__myWork\06_Igea\igea\IGEA-REPO\lib\screens\welcome\main_questionary_page_view.dart", "Dart", 0, 0, 389, 0, 0, 0, 0, 0, 0, 12, 19, 420
"d:\Documents\__myWork\06_Igea\igea\IGEA-REPO\lib\screens\welcome\onboarding_page_view.dart", "Dart", 0, 0, 255, 0, 0, 0, 0, 0, 0, 9, 24, 288
"d:\Documents\__myWork\06_Igea\igea\IGEA-REPO\lib\screens\welcome\psycho_questionaries\behaviour_1_page_view.dart", "Dart", 0, 0, 172, 0, 0, 0, 0, 0, 0, 82, 8, 262
"d:\Documents\__myWork\06_Igea\igea\IGEA-REPO\lib\screens\welcome\psycho_questionaries\psychological_questionaries_page_view.dart", "Dart", 0, 0, 181, 0, 0, 0, 0, 0, 0, 44, 18, 243
"d:\Documents\__myWork\06_Igea\igea\IGEA-REPO\lib\screens\welcome\psycho_questionaries\psycological_questionaries_menu.dart", "Dart", 0, 0, 167, 0, 0, 0, 0, 0, 0, 76, 9, 252
"d:\Documents\__myWork\06_Igea\igea\IGEA-REPO\lib\screens\welcome\registry.dart", "Dart", 0, 0, 375, 0, 0, 0, 0, 0, 0, 46, 33, 454
"d:\Documents\__myWork\06_Igea\igea\IGEA-REPO\lib\screens\welcome\uterus\begin_from_zero_page.dart", "Dart", 0, 0, 67, 0, 0, 0, 0, 0, 0, 0, 4, 71
"d:\Documents\__myWork\06_Igea\igea\IGEA-REPO\lib\screens\welcome\uterus\dont_remember_last_exam_page.dart", "Dart", 0, 0, 63, 0, 0, 0, 0, 0, 0, 0, 5, 68
"d:\Documents\__myWork\06_Igea\igea\IGEA-REPO\lib\screens\welcome\uterus\hpv_request_page.dart", "Dart", 0, 0, 181, 0, 0, 0, 0, 0, 0, 0, 13, 194
"d:\Documents\__myWork\06_Igea\igea\IGEA-REPO\lib\screens\welcome\uterus\input_exam_page.dart", "Dart", 0, 0, 397, 0, 0, 0, 0, 0, 0, 31, 8, 436
"d:\Documents\__myWork\06_Igea\igea\IGEA-REPO\lib\screens\welcome\uterus\male_info_page.dart", "Dart", 0, 0, 63, 0, 0, 0, 0, 0, 0, 0, 5, 68
"d:\Documents\__myWork\06_Igea\igea\IGEA-REPO\lib\screens\welcome\uterus\no_in_age_of_screening_page.dart", "Dart", 0, 0, 75, 0, 0, 0, 0, 0, 0, 0, 5, 80
"d:\Documents\__myWork\06_Igea\igea\IGEA-REPO\lib\screens\welcome\uterus\output_info_page.dart", "Dart", 0, 0, 207, 0, 0, 0, 0, 0, 0, 0, 10, 217
"d:\Documents\__myWork\06_Igea\igea\IGEA-REPO\lib\screens\welcome\uterus\uterus_page_view.dart", "Dart", 0, 0, 409, 0, 0, 0, 0, 0, 0, 1, 26, 436
"d:\Documents\__myWork\06_Igea\igea\IGEA-REPO\lib\screens\welcome\welcome.dart", "Dart", 0, 0, 288, 0, 0, 0, 0, 0, 0, 75, 13, 376
"d:\Documents\__myWork\06_Igea\igea\IGEA-REPO\lib\screens\wrapper.dart", "Dart", 0, 0, 51, 0, 0, 0, 0, 0, 0, 31, 10, 92
"d:\Documents\__myWork\06_Igea\igea\IGEA-REPO\lib\services\auth.dart", "Dart", 0, 0, 205, 0, 0, 0, 0, 0, 0, 53, 25, 283
"d:\Documents\__myWork\06_Igea\igea\IGEA-REPO\lib\services\chatbot_manager.dart", "Dart", 0, 0, 150, 0, 0, 0, 0, 0, 0, 1, 12, 163
"d:\Documents\__myWork\06_Igea\igea\IGEA-REPO\lib\services\cloud_functions_service.dart", "Dart", 0, 0, 59, 0, 0, 0, 0, 0, 0, 0, 15, 74
"d:\Documents\__myWork\06_Igea\igea\IGEA-REPO\lib\services\cloud_storage_service.dart", "Dart", 0, 0, 35, 0, 0, 0, 0, 0, 0, 0, 6, 41
"d:\Documents\__myWork\06_Igea\igea\IGEA-REPO\lib\services\dialogflow_service.dart", "Dart", 0, 0, 26, 0, 0, 0, 0, 0, 0, 0, 8, 34
"d:\Documents\__myWork\06_Igea\igea\IGEA-REPO\lib\services\firestore.dart", "Dart", 0, 0, 5, 0, 0, 0, 0, 0, 0, 0, 1, 6
"d:\Documents\__myWork\06_Igea\igea\IGEA-REPO\lib\services\firestore_read.dart", "Dart", 0, 0, 146, 0, 0, 0, 0, 0, 0, 11, 26, 183
"d:\Documents\__myWork\06_Igea\igea\IGEA-REPO\lib\services\firestore_write.dart", "Dart", 0, 0, 306, 0, 0, 0, 0, 0, 0, 50, 55, 411
"d:\Documents\__myWork\06_Igea\igea\IGEA-REPO\lib\services\utilities.dart", "Dart", 0, 0, 67, 0, 0, 0, 0, 0, 0, 0, 15, 82
"d:\Documents\__myWork\06_Igea\igea\IGEA-REPO\lib\shared\constants.dart", "Dart", 0, 0, 63, 0, 0, 0, 0, 0, 0, 1, 5, 69
"d:\Documents\__myWork\06_Igea\igea\IGEA-REPO\lib\shared\custom_facebook_sign_in_button.dart", "Dart", 0, 0, 38, 0, 0, 0, 0, 0, 0, 0, 5, 43
"d:\Documents\__myWork\06_Igea\igea\IGEA-REPO\lib\shared\custom_google_sign_in_button.dart", "Dart", 0, 0, 37, 0, 0, 0, 0, 0, 0, 0, 5, 42
"d:\Documents\__myWork\06_Igea\igea\IGEA-REPO\lib\shared\loading.dart", "Dart", 0, 0, 17, 0, 0, 0, 0, 0, 0, 0, 1, 18
"d:\Documents\__myWork\06_Igea\igea\IGEA-REPO\lib\shared\loading_stful.dart", "Dart", 0, 0, 38, 0, 0, 0, 0, 0, 0, 14, 5, 57
"d:\Documents\__myWork\06_Igea\igea\IGEA-REPO\lib\shared\no_padding_checkbox.dart", "Dart", 0, 0, 28, 0, 0, 0, 0, 0, 0, 0, 4, 32
"d:\Documents\__myWork\06_Igea\igea\IGEA-REPO\lib\shared\slide_dots.dart", "Dart", 0, 0, 2, 0, 0, 0, 0, 0, 0, 19, 3, 24
"d:\Documents\__myWork\06_Igea\igea\IGEA-REPO\lib\tools\custom_scroll_physics.dart", "Dart", 0, 0, 41, 0, 0, 0, 0, 0, 0, 2, 9, 52
"d:\Documents\__myWork\06_Igea\igea\IGEA-REPO\lib\widgets\calendarContainer.dart", "Dart", 0, 0, 22, 0, 0, 0, 0, 0, 0, 0, 3, 25
"d:\Documents\__myWork\06_Igea\igea\IGEA-REPO\lib\widgets\calendar_advisor.dart", "Dart", 0, 0, 243, 0, 0, 0, 0, 0, 0, 0, 7, 250
"d:\Documents\__myWork\06_Igea\igea\IGEA-REPO\lib\widgets\category_card.dart", "Dart", 0, 0, 80, 0, 0, 0, 0, 0, 0, 1, 3, 84
"d:\Documents\__myWork\06_Igea\igea\IGEA-REPO\lib\widgets\chatbot.dart", "Dart", 0, 0, 304, 0, 0, 0, 0, 0, 0, 5, 21, 330
"d:\Documents\__myWork\06_Igea\igea\IGEA-REPO\lib\widgets\customExpansionTileBloodTestArchive.dart", "Dart", 0, 0, 0, 0, 0, 0, 0, 0, 0, 595, 11, 606
"d:\Documents\__myWork\06_Igea\igea\IGEA-REPO\lib\widgets\customExpansionTileBloodTestInsert.dart", "Dart", 0, 0, 660, 0, 0, 0, 0, 0, 0, 11, 11, 682
"d:\Documents\__myWork\06_Igea\igea\IGEA-REPO\lib\widgets\customExpansionTileCalendar.dart", "Dart", 0, 0, 298, 0, 0, 0, 0, 0, 0, 2, 17, 317
"d:\Documents\__myWork\06_Igea\igea\IGEA-REPO\lib\widgets\customExpansionTileCalendarAddExam.dart", "Dart", 0, 0, 0, 0, 0, 0, 0, 0, 0, 880, 22, 902
"d:\Documents\__myWork\06_Igea\igea\IGEA-REPO\lib\widgets\customExpansionTileFilter.dart", "Dart", 0, 0, 400, 0, 0, 0, 0, 0, 0, 2, 14, 416
"d:\Documents\__myWork\06_Igea\igea\IGEA-REPO\lib\widgets\customExpansionTileScreeningArchive.dart", "Dart", 0, 0, 547, 0, 0, 0, 0, 0, 0, 13, 22, 582
"d:\Documents\__myWork\06_Igea\igea\IGEA-REPO\lib\widgets\customExpansionTileScreeningInsert.dart", "Dart", 0, 0, 408, 0, 0, 0, 0, 0, 0, 29, 16, 453
"d:\Documents\__myWork\06_Igea\igea\IGEA-REPO\lib\widgets\customExpansionTileTipology.dart", "Dart", 0, 0, 179, 0, 0, 0, 0, 0, 0, 2, 17, 198
"d:\Documents\__myWork\06_Igea\igea\IGEA-REPO\lib\widgets\input_widgets\prevengo_single_radio_label.dart", "Dart", 0, 0, 60, 0, 0, 0, 0, 0, 0, 0, 4, 64
"d:\Documents\__myWork\06_Igea\igea\IGEA-REPO\lib\widgets\input_widgets\prevengo_text_field_round.dart", "Dart", 0, 0, 37, 0, 0, 0, 0, 0, 0, 0, 4, 41
"d:\Documents\__myWork\06_Igea\igea\IGEA-REPO\lib\widgets\modal_bottom_sheets\breast_two_relatives_age_question.dart", "Dart", 0, 0, 242, 0, 0, 0, 0, 0, 0, 3, 7, 252
"d:\Documents\__myWork\06_Igea\igea\IGEA-REPO\lib\widgets\modal_bottom_sheets\colon_relatives_age_question.dart", "Dart", 0, 0, 248, 0, 0, 0, 0, 0, 0, 14, 8, 270
"d:\Documents\__myWork\06_Igea\igea\IGEA-REPO\lib\widgets\modal_bottom_sheets\confirmation_alert.dart", "Dart", 0, 0, 78, 0, 0, 0, 0, 0, 0, 0, 5, 83
"d:\Documents\__myWork\06_Igea\igea\IGEA-REPO\lib\widgets\modal_bottom_sheets\input_time_spinner.dart", "Dart", 0, 0, 128, 0, 0, 0, 0, 0, 0, 0, 7, 135
"d:\Documents\__myWork\06_Igea\igea\IGEA-REPO\lib\widgets\modal_bottom_sheets\modal_container.dart", "Dart", 0, 0, 28, 0, 0, 0, 0, 0, 0, 0, 4, 32
"d:\Documents\__myWork\06_Igea\igea\IGEA-REPO\lib\widgets\modal_bottom_sheets\registry_calc_cf.dart", "Dart", 0, 0, 148, 0, 0, 0, 0, 0, 0, 7, 22, 177
"d:\Documents\__myWork\06_Igea\igea\IGEA-REPO\lib\widgets\modal_bottom_sheets\registry_calc_cf_missing_value.dart", "Dart", 0, 0, 61, 0, 0, 0, 0, 0, 0, 0, 3, 64
"d:\Documents\__myWork\06_Igea\igea\IGEA-REPO\lib\widgets\modal_bottom_sheets\registry_input_date.dart", "Dart", 0, 0, 92, 0, 0, 0, 0, 0, 0, 0, 6, 98
"d:\Documents\__myWork\06_Igea\igea\IGEA-REPO\lib\widgets\modal_bottom_sheets\registry_input_gender.dart", "Dart", 0, 0, 96, 0, 0, 0, 0, 0, 0, 0, 6, 102
"d:\Documents\__myWork\06_Igea\igea\IGEA-REPO\lib\widgets\modal_bottom_sheets\registry_input_missing_values.dart", "Dart", 0, 0, 47, 0, 0, 0, 0, 0, 0, 0, 2, 49
"d:\Documents\__myWork\06_Igea\igea\IGEA-REPO\lib\widgets\nav_drawer.dart", "Dart", 0, 0, 170, 0, 0, 0, 0, 0, 0, 0, 5, 175
"d:\Documents\__myWork\06_Igea\igea\IGEA-REPO\lib\widgets\onboarding_check_input.dart", "Dart", 0, 0, 103, 0, 0, 0, 0, 0, 0, 1, 5, 109
"d:\Documents\__myWork\06_Igea\igea\IGEA-REPO\lib\widgets\onboarding_text_input.dart", "Dart", 0, 0, 104, 0, 0, 0, 0, 0, 0, 0, 5, 109
"d:\Documents\__myWork\06_Igea\igea\IGEA-REPO\lib\widgets\organ_detail.dart", "Dart", 0, 0, 126, 0, 0, 0, 0, 0, 0, 9, 11, 146
"d:\Documents\__myWork\06_Igea\igea\IGEA-REPO\lib\widgets\organ_list.dart", "Dart", 0, 0, 98, 0, 0, 0, 0, 0, 0, 253, 23, 374
"d:\Documents\__myWork\06_Igea\igea\IGEA-REPO\lib\widgets\registry_content.dart", "Dart", 0, 0, 88, 0, 0, 0, 0, 0, 0, 1, 7, 96
"d:\Documents\__myWork\06_Igea\igea\IGEA-REPO\lib\widgets\registry_screen.dart", "Dart", 0, 0, 24, 0, 0, 0, 0, 0, 0, 0, 4, 28
"d:\Documents\__myWork\06_Igea\igea\IGEA-REPO\lib\widgets\ui_components\autocomplete_textfield_simple.dart", "Dart", 0, 0, 65, 0, 0, 0, 0, 0, 0, 0, 10, 75
"d:\Documents\__myWork\06_Igea\igea\IGEA-REPO\lib\widgets\ui_components\bubble_message.dart", "Dart", 0, 0, 64, 0, 0, 0, 0, 0, 0, 0, 4, 68
"d:\Documents\__myWork\06_Igea\igea\IGEA-REPO\lib\widgets\ui_components\button_radio_text_container.dart", "Dart", 0, 0, 43, 0, 0, 0, 0, 0, 0, 18, 4, 65
"d:\Documents\__myWork\06_Igea\igea\IGEA-REPO\lib\widgets\ui_components\button_rounded_confirmation.dart", "Dart", 0, 0, 43, 0, 0, 0, 0, 0, 0, 0, 4, 47
"d:\Documents\__myWork\06_Igea\igea\IGEA-REPO\lib\widgets\ui_components\close_line_top_modal.dart", "Dart", 0, 0, 17, 0, 0, 0, 0, 0, 0, 0, 4, 21
"d:\Documents\__myWork\06_Igea\igea\IGEA-REPO\lib\widgets\ui_components\coupon_card.dart", "Dart", 0, 0, 86, 0, 0, 0, 0, 0, 0, 0, 6, 92
"d:\Documents\__myWork\06_Igea\igea\IGEA-REPO\lib\widgets\ui_components\coupon_ticket.dart", "Dart", 0, 0, 138, 0, 0, 0, 0, 0, 0, 4, 4, 146
"d:\Documents\__myWork\06_Igea\igea\IGEA-REPO\lib\widgets\ui_components\form_circle_checkbox.dart", "Dart", 0, 0, 23, 0, 0, 0, 0, 0, 0, 0, 4, 27
"d:\Documents\__myWork\06_Igea\igea\IGEA-REPO\lib\widgets\ui_components\form_field_radio_button_row.dart", "Dart", 0, 0, 66, 0, 0, 0, 0, 0, 0, 0, 9, 75
"d:\Documents\__myWork\06_Igea\igea\IGEA-REPO\lib\widgets\ui_components\form_field_radio_container.dart", "Dart", 0, 0, 54, 0, 0, 0, 0, 0, 0, 4, 7, 65
"d:\Documents\__myWork\06_Igea\igea\IGEA-REPO\lib\widgets\ui_components\form_field_text_fixed_value_row.dart", "Dart", 0, 0, 56, 0, 0, 0, 0, 0, 0, 0, 4, 60
"d:\Documents\__myWork\06_Igea\igea\IGEA-REPO\lib\widgets\ui_components\form_field_text_row.dart", "Dart", 0, 0, 76, 0, 0, 0, 0, 0, 0, 12, 5, 93
"d:\Documents\__myWork\06_Igea\igea\IGEA-REPO\lib\widgets\ui_components\psyco_question.dart", "Dart", 0, 0, 122, 0, 0, 0, 0, 0, 0, 32, 16, 170
"d:\Documents\__myWork\06_Igea\igea\IGEA-REPO\lib\widgets\ui_components\registry_input_birthday.dart", "Dart", 0, 0, 82, 0, 0, 0, 0, 0, 0, 2, 8, 92
"d:\Documents\__myWork\06_Igea\igea\IGEA-REPO\lib\widgets\ui_components\registry_input_fiscal_code.dart", "Dart", 0, 0, 68, 0, 0, 0, 0, 0, 0, 5, 9, 82
"d:\Documents\__myWork\06_Igea\igea\IGEA-REPO\lib\widgets\ui_components\registry_input_gender.dart", "Dart", 0, 0, 85, 0, 0, 0, 0, 0, 0, 0, 8, 93
"d:\Documents\__myWork\06_Igea\igea\IGEA-REPO\lib\widgets\ui_components\round_button.dart", "Dart", 0, 0, 33, 0, 0, 0, 0, 0, 0, 0, 4, 37
"d:\Documents\__myWork\06_Igea\igea\IGEA-REPO\lib\widgets\ui_components\vote_button.dart", "Dart", 0, 0, 39, 0, 0, 0, 0, 0, 0, 1, 6, 46
"d:\Documents\__myWork\06_Igea\igea\IGEA-REPO\pubspec.yaml", "YAML", 90, 0, 0, 0, 0, 0, 0, 0, 0, 47, 20, 157
"d:\Documents\__myWork\06_Igea\igea\IGEA-REPO\test\widget_test.dart", "Dart", 0, 0, 27, 0, 0, 0, 0, 0, 0, 19, 14, 60
"Total", "-", 90, 13, 29942, 819, 14, 1, 23290, 9, 99, 4279, 2445, 61001